id;name;email;phone_number
1;bizony;Mirella.Hajdu1@hotamil.com;a jóllehet
2;next;Kevin.Gaspar97@citromail.hu;annálfogva regarding vadász
3;fi abcúg cserzőműhely;Lilla.Szekeres@outlook.hu;fi near gutturális
4;felvigyáz;Nandor64@citromail.hu;ezért
5;failing;Oliver_Bakos@hotmail.hu;hahaha cselédlány
6;meghülyül és bajvívó;Dorka35@gmail.com;sikerül
7;versus;Robert_Balog@hotmail.hu;és
8;hehe;Benjamin_Kovacs59@citromail.hu;örökkön
9;elgyengít polinom foka;Borbala_Balogh@outlook.hu;kijavít
10;over összeadás;Greta_Voros20@citromail.hu;lest below mohák
